firstName,lastName,movieTitle,releaseYear
Louis,Silvers,One Night of Love,1934
Victor,Schertzinger,One Night of Love,1934
Gus,Kahn,One Night of Love,1934
Max,Steiner,The Gay Divorcee,1934
Kenneth,Webb,The Gay Divorcee,1934
Sam,Hoffenstein,The Gay Divorcee,1934
Max,Steiner,The Informer,1935
Leo,F. Forbstein,Captain Blood,1935
Erich,Wolfgang Korngold,Captain Blood,1935
Herbert,Stothart,Mutiny on the Bounty,1935
Ernst,Toch,Peter Ibbetson,1935
Leo,F. Forbstein,Anthony Adverse,1936
Erich,Wolfgang Korngold,Anthony Adverse,1936
Max,Steiner,The Charge of the Light Brigade,1936
Boris,Morros,The General Died at Dawn,1936
Werner,Janssen,The General Died at Dawn,1936
Nathaniel,Shilkret,Winterset,1936
Charles,Previn,One Hundred Men and a Girl,1937
Alfred,Newman,The Hurricane,1937
Louis,Silvers,In Old Chicago,1937
Leo,F. Forbstein,The Life of Emile Zola,1937
Max,Steiner,The Life of Emile Zola,1937
Morris,Stoloff,Lost Horizon,1937
Dimitri,Tiomkin,Lost Horizon,1937
Hugo,Riesenfeld,Make a Wish,1937
Herbert,Stothart,Maytime,1937
Alberto,Colombo,Portia on Trial,1937
Alfred,Newman,The Prisoner of Zenda,1937
Roy,Webb,Quality Street,1937
Leigh,Harline,Snow White and the Seven Dwarfs,1937
Frank,Churchill,Snow White and the Seven Dwarfs,1937
Paul,Smith,Snow White and the Seven Dwarfs,1937
Constantin,Bakaleinikoff,Something to Sing About,1937
Victor,Schertzinger,Something to Sing About,1937
Boris,Morros,Souls at Sea,1937
W.,Franke Harling,Souls at Sea,1937
Marvin,Hatley,Way Out West,1937
Erich,Wolfgang Korngold,The Adventures of Robin Hood,1938
Victor,Young,Army Girl,1938
Marvin,Hatley,Block-Heads,1938
Werner,Janssen,Blockade,1938
Alfred,Newman,The Cowboy and the Lady,1938
Richard,Hageman,If I Were King,1938
Herbert,Stothart,Marie Antoinette,1938
Russell,Bennett,Pacific Liner,1938
Louis,Silvers,Suez,1938
Franz,Waxman,The Young in Heart,1938
Alfred,Newman,Alexander's Ragtime Band,1938
Victor,Baravalle,Carefree,1938
Morris,Stoloff,Girls' School,1938
Max,Steiner,Jezebel,1938
Charles,Previn,Mad About Music,1938
Frank,Skinner,Mad About Music,1938
Cy,Feuer,Storm Over Bengal,1938
Herbert,Stothart,Sweethearts,1938
Marvin,Hatley,There Goes My Heart,1938
Boris,Morros,Tropic Holiday,1938
Franz,Waxman,The Young in Heart,1938
Herbert,Stothart,The Wizard of Oz,1939
Max,Steiner,Dark Victory,1939
Werner,Janssen,Eternally Yours,1939
Victor,Young,Golden Boy,1939
Max,Steiner,Gone with the Wind,1939
Victor,Young,Gulliver's Travels,1939
Lud,Gluskin,The Man in the Iron Mask,1939
Lucien,Moraweck,The Man in the Iron Mask,1939
Victor,Young,Man of Conquest,1939
Anthony,Collins,Nurse Edith Cavell,1939
Aaron,Copland,Of Mice and Men,1939
Alfred,Newman,The Rains Came,1939
Alfred,Newman,Wuthering Heights,1939
Richard,Hageman,Stagecoach,1939
W.,Franke Harling,Stagecoach,1939
John,Leipold,Stagecoach,1939
Leo,Shuken,Stagecoach,1939
Roger,Edens,Babes in Arms,1939
Georgie,Stoll,Babes in Arms,1939
Charles,Previn,First Love,1939
Phil,Boutelje,The Great Victor Herbert,1939
Arthur,Lange,The Great Victor Herbert,1939
Louis,Forbes,Intermezzo,1939
Dimitri,Tiomkin,Mr. Smith Goes to Washington,1939
Aaron,Copland,Of Mice and Men,1939
Erich,Wolfgang Korngold,The Private Lives of Elizabeth and Essex,1939
Cy,Feuer,She Married a Cop,1939
Louis,Silvers,Swanee River,1939
Victor,Young,Way Down South,1939
Leigh,Harline,Pinocchio,1940
Paul,Smith,Pinocchio,1940
Ned,Washington,Pinocchio,1940
Victor,Young,Arizona,1940
Victor,Young,Dark Command,1940
Louis,Gruenberg,The Fight for Life,1940
Meredith,Willson,The Great Dictator,1940
Frank,Skinner,The House of the Seven Gables,1940
Richard,Hageman,The Howards of Virginia,1940
Max,Steiner,The Letter,1940
Alfred,Newman,The Mark of Zorro,1940
Roy,Webb,My Favorite Wife,1940
Werner,Heymann,One Million B.C.,1940
Aaron,Copland,Our Town,1940
Franz,Waxman,Rebecca,1940
Miklós,Rózsa,The Thief of Bagdad,1940
Herbert,Stothart,Waterloo Bridge,1940
Alfred,Newman,Tin Pan Alley,1940
Cy,Feuer,Hit Parade of 1941,1940
Anthony,Collins,Irene,1940
Erich,Wolfgang Korngold,The Sea Hawk,1940
Artie,Shaw,Second Chorus,1940
Charles,Previn,Spring Parade,1940
Roger,Edens,Strike Up the Band,1940
Georgie,Stoll,Strike Up the Band,1940
Bernard,Herrmann,The Devil and Daniel Webster,1941
Frank,Skinner,Back Street,1941
Alfred,Newman,Ball of Fire,1941
Edward,Ward,Cheers for Miss Bishop,1941
Bernard,Herrmann,Citizen Kane,1941
Franz,Waxman,Dr. Jekyll and Mr. Hyde,1941
Victor,Young,Hold Back the Dawn,1941
Alfred,Newman,How Green Was My Valley,1941
Edward,Kay,King of the Zombies,1941
Morris,Stoloff,Ladies in Retirement,1941
Ernst,Toch,Ladies in Retirement,1941
Meredith,Willson,The Little Foxes,1941
Miklós,Rózsa,Lydia,1941
Cy,Feuer,Mercy Island,1941
Walter,Scharf,Mercy Island,1941
Max,Steiner,Sergeant York,1941
Louis,Gruenberg,So Ends Our Night,1941
Franz,Waxman,Suspicion,1941
Werner,Heymann,That Uncertain Feeling,1941
Richard,Hageman,This Woman Is Mine,1941
Frank,Churchill,Dumbo,1941
Oliver,Wallace,Dumbo,1941
Robert,E. Dolan,Birth of the Blues,1941
Charles,Previn,Buck Privates,1941
Herbert,Stothart,The Chocolate Soldier,1941
Bronisław,Kaper,The Chocolate Soldier,1941
Cy,Feuer,Ice-Capades,1941
Heinz,Roemheld,The Strawberry Blonde,1941
Emil,Newman,Sun Valley Serenade,1941
Anthony,Collins,Sunny,1941
Morris,Stoloff,You'll Never Get Rich,1941
Max,Steiner,"Now, Voyager",1942
Frank,Skinner,Arabian Nights,1942
Frank,Churchill,Bambi,1942
Edward,Plumb,Bambi,1942
Alfred,Newman,The Black Swan,1942
Dimitri,Tiomkin,The Corsican Brothers,1942
Victor,Young,Flying Tigers,1942
Max,Terr,The Gold Rush,1942
Roy,Webb,I Married a Witch,1942
Roy,Webb,Joan of Paris,1942
Miklós,Rózsa,Jungle Book,1942
Edward,Kay,Klondike Fury,1942
Leigh,Harline,The Pride of the Yankees,1942
Herbert,Stothart,Random Harvest,1942
Richard,Hageman,The Shanghai Gesture,1942
Victor,Young,Silver Queen,1942
Victor,Take a Letter, Darling,1942
Friedrich,Hollaender,The Talk of the Town,1942
Morris,Stoloff,The Talk of the Town,1942
Werner,Heymann,To Be or Not to Be,1942
Ray,Heindorf,Yankee Doodle Dandy,1942
Heinz,Roemheld,Yankee Doodle Dandy,1942
Edward,Ward,Flying with Music,1942
Roger,Edens,For Me and My Gal,1942
Georgie,Stoll,For Me and My Gal,1942
Robert,E. Dolan,Holiday Inn,1942
Hans,J. Salter,It Started with Eve,1942
Charles,Previn,It Started with Eve,1942
Walter,Scharf,Johnny Doughboy,1942
Alfred,Newman,My Gal Sal,1942
Leigh,Harline,You Were Never Lovelier,1942
Alfred,Newman,The Song of Bernadette,1943
Frank,Skinner,The Amazing Mrs. Holliday,1943
Hans,J. Salter,The Amazing Mrs. Holliday,1943
Max,Steiner,Casablanca,1943
Morris,Stoloff,Commandos Strike at Dawn,1943
Louis,Gruenberg,Commandos Strike at Dawn,1943
Roy,Webb,The Fallen Sparrow,1943
Constantin,Bakaleinikoff,The Fallen Sparrow,1943
Victor,Young,For Whom the Bell Tolls,1943
Hanns,Eisler,Hangmen Also Die!,1943
Phil,Boutelje,Hi Diddle Diddle,1943
Walter,Scharf,In Old Oklahoma,1943
Leigh,Harline,Johnny Come Lately,1943
Gerard,Carbonara,The Kansan,1943
Arthur,Lange,Lady of Burlesque,1943
Herbert,Stothart,Madame Curie,1943
Dimitri,Tiomkin,The Moon and Sixpence,1943
Aaron,Copland,The North Star,1943
Edward,Plumb,Victory Through Air Power,1943
Paul,Smith,Victory Through Air Power,1943
Oliver,Wallace,Victory Through Air Power,1943
Ray,Heindorf,This Is the Army,1943
Alfred,Newman,Coney Island,1943
Walter,Scharf,Hit Parade of 1943,1943
Edward,Ward,Phantom of the Opera,1943
Charles,Wolcott,Saludos Amigos,1943
Leigh,Harline,The Sky's the Limit,1943
Morris,Stoloff,Something to Shout About,1943
Fred,Rich,Stage Door Canteen,1943
Robert,E. Dolan,Star Spangled Rhythm,1943
Herbert,P. Stothart,Thousands Cheer,1943
Max,Steiner,Since You Went Away,1944
Morris,Stoloff,Address Unknown,1944
Ernst,Toch,Address Unknown,1944
Dimitri,Tiomkin,The Bridge of San Luis Rey,1944
Arthur,Lange,Casanova Brown,1944
Hans,J. Salter,Christmas Holiday,1944
Miklós,Rózsa,Double Indemnity,1944
Walter,Scharf,The Fighting Seabees,1944
Roy,Webb,The Fighting Seabees,1944
Michel,Michelet,The Hairy Ape,1944
Robert,Stolz,It Happened Tomorrow,1944
Fred,Rich,Jack London,1944
Herbert,Stothart,Kismet,1944
Constantin,Bakaleinikoff,None but the Lonely Heart,1944
Hanns,Eisler,None but the Lonely Heart,1944
David,Rose,The Princess and the Pirate,1944
Karl,Hajos,Summer Storm,1944
Franke,Harling,Three Russian Girls,1944
Michel,Michelet,Voice in the Wind,1944
Alfred,Newman,Wilson,1944
Miklós,Rózsa,The Woman of the Town,1944
Morris,Stoloff,Cover Girl,1944
Carmen,Dragon,Cover Girl,1944
Walter,Scharf,Brazil,1944
Constantin,Bakaleinikoff,Higher and Higher,1944
Ray,Heindorf,Hollywood Canteen,1944
Werner,Heymann,Knickerbocker Holiday,1944
Kurt,Weill,Knickerbocker Holiday,1944
Robert,Emmett Dolan,Lady in the Dark,1944
Edward,Kay,"Lady, Let's Dance",1944
Georgie,Stoll,Meet Me in St. Louis,1944
Hans,J. Salter,The Merry Monahans,1944
Ferde,Grofé,Minstrel Man,1944
Leo,Erdody,Minstrel Man,1944
Charles,Previn,Song of the Open Road,1944
Louis,Forbes,Up in Arms,1944
Ray,Heindorf,Up in Arms,1944
Miklós,Rózsa,Spellbound,1945
Robert,E. Dolan,The Bells of St. Mary's,1945
Louis,Forbes,Brewster's Millions,1945
Werner,Janssen,Captain Kidd,1945
Roy,Webb,The Enchanted Cottage,1945
Edward,J. Kay,G. I. Honeymoon,1945
Louis,Applebaum,G. I. Joe,1945
Ann,Ronell,G. I. Joe,1945
Daniele,Amfitheatrof,Guest Wife,1945
Alfred,Newman,The Keys of the Kingdom,1945
Miklós,Rózsa,The Lost Weekend,1945
Victor,Young,Love Letters,1945
Karl,Hajos,The Man Who Walked Alone,1945
Franz,Waxman,"Objective, Burma!",1945
Alexandre,Tansman,Paris Underground,1945
Morris,Stoloff,A Song to Remember,1945
Werner,Janssen,The Southerner,1945
Hans,J. Salter,This Love of Ours,1945
Herbert,Stothart,The Valley of Decision,1945
Arthur,Lange,The Woman in the Window,1945
Hugo,Friedhofer,The Woman in the Window,1945
Georgie,Stoll,Anchors Aweigh,1945
Jerome,Kern,Can't Help Singing,1945
Robert,E. Dolan,Incendiary Blonde,1945
Ray,Heindorf,Rhapsody in Blue,1945
Max,Steiner,Rhapsody in Blue,1945
Alfred,Newman,State Fair,1945
Charles,Henderson,State Fair,1945
Edward,J. Kay,Sunbonnet Sue,1945
Edward,Plumb,The Three Caballeros,1945
Paul,Smith,The Three Caballeros,1945
Charles,Wolcott,The Three Caballeros,1945
Marlin,Skiles,Tonight and Every Night,1945
Morris,Stoloff,Tonight and Every Night,1945
Walter,Greene,Why Girls Leave Home,1945
Louis,Forbes,Wonder Man,1945
Ray,Heindorf,Wonder Man,1945
Hugo,Friedhofer,The Best Years of Our Lives,1946
Bernard,Herrmann,Anna and the King of Siam,1946
William,Walton,Henry V,1946
Franz,Waxman,Humoresque,1946
Miklós,Rózsa,The Killers,1946
Morris,Stoloff,The Jolson Story,1946
Robert,Emmett Dolan,Blue Skies,1946
Alfred,Newman,Centennial Summer,1946
Lennie,Hayton,The Harvey Girls,1946
Ray,Heindorf,Night and Day,1946
Max,Steiner,Night and Day,1946
Miklós,Rózsa,A Double Life,1947
Hugo,Friedhofer,The Bishop's Wife,1947
Alfred,Newman,Captain from Castile,1947
David,Raksin,Forever Amber,1947
Max,Steiner,Life with Father,1947
Alfred,Newman,Mother Wore Tights,1947
Johnny,Green,Fiesta,1947
Ray,Heindorf,My Wild Irish Rose,1947
Max,Steiner,My Wild Irish Rose,1947
Robert,Emmett Dolan,Road to Rio,1947
Daniele,Amfitheatrof,Song of the South,1947
Paul,Smith,Song of the South,1947
Charles,Wolcott,Song of the South,1947
Brian,Easdale,The Red Shoes,1948
William,Walton,Hamlet,1948
Hugo,Friedhofer,Joan of Arc,1948
Max,Steiner,Johnny Belinda,1948
Alfred,Newman,The Snake Pit,1948
Johnny,Green,Easter Parade,1948
Roger,Edens,Easter Parade,1948
Victor,Young,The Emperor Waltz,1948
Lennie,Hayton,The Pirate,1948
Ray,Heindorf,Romance on the High Seas,1948
Alfred,Newman,When My Baby Smiles at Me,1948
Aaron,Copland,The Heiress,1949
Max,Steiner,Beyond the Forest,1949
Dimitri,Tiomkin,Champion,1949
Roger,Edens,On the Town,1949
Lennie,Hayton,On the Town,1949
Morris,Stoloff,Jolson Sings Again,1949
George,Duning,Jolson Sings Again,1949
Ray,Heindorf,Look for the Silver Lining,1949
Franz,Waxman,Sunset Boulevard,1950
Alfred,Newman,All About Eve,1950
Max,Steiner,The Flame and the Arrow,1950
George,Duning,No Sad Songs for Me,1950
Victor,Young,Samson and Delilah,1950
Adolph,Deutsch,Annie Get Your Gun,1950
Roger,Edens,Annie Get Your Gun,1950
Paul,Smith,Cinderella,1950
Oliver,Wallace,Cinderella,1950
Lionel,Newman,I'll Get By,1950
André,Previn,Three Little Words,1950
Ray,Heindorf,The West Point Story,1950
Franz,Waxman,A Place in the Sun,1951
Alfred,Newman,David and Bathsheba,1951
Alex,North,Death of a Salesman,1951
Miklós,Rózsa,Quo Vadis,1951
Saul,Chaplin,An American in Paris,1951
Johnny,Green,An American in Paris,1951
Oliver,Wallace,Alice in Wonderland,1951
Peter,Herman Adler,The Great Caruso,1951
Adolph,Deutsch,Show Boat,1951
Conrad,Salinger,Show Boat,1951
Dimitri,Tiomkin,High Noon,1952
Miklós,Rózsa,Ivanhoe,1952
Max,Steiner,The Miracle of Our Lady of Fatima,1952
Herschel,Burke Gilbert,The Thief,1952
Alex,North,Viva Zapata!,1952
Alfred,Newman,With a Song in My Heart,1952
Walter,Scharf,Hans Christian Andersen,1952
Ray,Heindorf,The Jazz Singer,1952
Gian,Carlo Menotti,The Medium,1952
Lennie,Hayton,Singin' in the Rain,1952
Bronisław,Kaper,Lili,1953
Hugo,Friedhofer,Above and Beyond,1953
George,Duning,From Here to Eternity,1953
Morris,Stoloff,From Here to Eternity,1953
Miklós,Rózsa,Julius Caesar,1953
Louis,Forbes,This Is Cinerama,1953
Alfred,Newman,Call Me Madam,1953
Friedrich,Hollaender,"The 5,000 Fingers of Dr. T.",1953
Adolph,Deutsch,The Band Wagon,1953
Ray,Heindorf,Calamity Jane,1953
Saul,Chaplin,Kiss Me Kate,1953
André,Previn,Kiss Me Kate,1953
Dimitri,Tiomkin,The High and the Mighty,1954
Max,Steiner,The Caine Mutiny,1954
Larry,Adler,Genevieve,1954
Leonard,Bernstein,On the Waterfront,1954
Franz,Waxman,The Silver Chalice,1954
Saul,Chaplin,Seven Brides for Seven Brothers,1954
Adolph,Deutsch,Seven Brides for Seven Brothers,1954
Herschel,Burke Gilbert,Carmen Jones,1954
Henry,Mancini,The Glenn Miller Story,1954
Ray,Heindorf,A Star Is Born,1954
Alfred,Newman,There's No Business Like Show Business,1954
Lionel,Newman,There's No Business Like Show Business,1954
Alfred,Newman,Love Is a Many-Splendored Thing,1955
Max,Steiner,Battle Cry,1955
Elmer,Bernstein,The Man with the Golden Arm,1955
George,Duning,Picnic,1955
Alex,North,The Rose Tattoo,1955
Robert,Russell Bennett,Oklahoma!,1955
Jay,Blackton,Oklahoma!,1955
Adolph,Deutsch,Oklahoma!,1955
Cyril,J. Mockridge,Guys and Dolls,1955
André,Previn,It's Always Fair Weather,1955
Percy,Faith,Love Me or Leave Me,1955
Georgie,Stoll,Love Me or Leave Me,1955
Victor,Young,Around the World in 80 Days,1956
Alfred,Newman,Anastasia,1956
Hugo,Friedhofer,Between Heaven and Hell,1956
Dimitri,Tiomkin,Giant,1956
Alex,North,The Rainmaker,1956
Ken,Darby,The King and I,1956
Lionel,Newman,The Best Things in Life Are Free,1956
George,Duning,The Eddy Duchin Story,1956
Morris,Stoloff,The Eddy Duchin Story,1956
Saul,Chaplin,High Society,1956
Johnny,Green,High Society,1956
Georgie,Stoll,Meet Me in Las Vegas,1956
Malcolm,Arnold,The Bridge on the River Kwai,1957
Hugo,Friedhofer,An Affair to Remember,1957
Hugo,Friedhofer,Boy on a Dolphin,1957
Paul,Smith,Perri,1957
Johnny,Green,Raintree County,1957
Dimitri,Tiomkin,The Old Man and the Sea,1958
Jerome,Moross,The Big Country,1958
David,Raksin,Separate Tables,1958
Oliver,Wallace,White Wilderness,1958
Hugo,Friedhofer,The Young Lions,1958
André,Previn,Gigi,1958
Yuri,Fayer,The Bolshoi Ballet,1958
Gennady,Rozhdestvensky,The Bolshoi Ballet,1958
Ray,Heindorf,Damn Yankees,1958
Lionel,Newman,Mardi Gras,1958
Ken,Darby,South Pacific,1958
Alfred,Newman,South Pacific,1958
Miklós,Rózsa,Ben-Hur,1959
Alfred,Newman,The Diary of Anne Frank,1959
Franz,Waxman,The Nun's Story,1959
Ernest,Gold,On the Beach,1959
Frank,De Vol,Pillow Talk,1959
Ken,Darby,Porgy and Bess,1959
André,Previn,Porgy and Bess,1959
Leith,Stevens,The Five Pennies,1959
Joseph,J. Lilley,Li'l Abner,1959
Nelson,Riddle,Li'l Abner,1959
Lionel,Newman,Say One for Me,1959
George,Bruns,Sleeping Beauty,1959
Ernest,Gold,Exodus,1960
Dimitri,Tiomkin,The Alamo,1960
André,Previn,Elmer Gantry,1960
Elmer,Bernstein,The Magnificent Seven,1960
Alex,North,Spartacus,1960
Morris,Stoloff,Song Without End,1960
Harry,Sukman,Song Without End,1960
André,Previn,Bells Are Ringing,1960
Nelson,Riddle,Can-Can,1960
Earle,Hagen,Let's Make Love,1960
Lionel,Newman,Let's Make Love,1960
Johnny,Green,Pepe,1960
Henry,Mancini,Breakfast at Tiffany's,1961
Miklós,Rózsa,El Cid,1961
Morris,Stoloff,Fanny,1961
Harry,Sukman,Fanny,1961
Dimitri,Tiomkin,The Guns of Navarone,1961
Elmer,Bernstein,Summer and Smoke,1961
Saul,Chaplin,West Side Story,1961
Johnny,Green,West Side Story,1961
Irwin,Kostal,West Side Story,1961
Sid,Ramin,West Side Story,1961
George,Bruns,Babes in Toyland,1961
Alfred,Newman,Flower Drum Song,1961
Ken,Darby,Flower Drum Song,1961
Dmitri,Shostakovich,Khovanshchina,1961
Duke,Ellington,Paris Blues,1961
Maurice,Jarre,Lawrence of Arabia,1962
Jerry,Goldsmith,Freud,1962
Bronisław,Kaper,Mutiny on the Bounty,1962
Franz,Waxman,Taras Bulba,1962
Elmer,Bernstein,To Kill a Mockingbird,1962
Ray,Heindorf,The Music Man,1962
Georgie,Stoll,Billy Rose's Jumbo,1962
Michel,Magne,Gigot,1962
Frank,Perkins,Gypsy,1962
Leigh,Harline,The Wonderful World of the Brothers Grimm,1962
John,Addison,Tom Jones,1963
Dimitri,Tiomkin,55 Days at Peking,1963
Alex,North,Cleopatra,1963
Alfred,Newman,How the West Was Won,1963
Ken,Darby,How the West Was Won,1963
Ernest,Gold,"It's a Mad, Mad, Mad, Mad World",1963
André,Previn,Irma la Douce,1963
Johnny,Green,Bye Bye Birdie,1963
Leith,Stevens,A New Kind of Love,1963
Maurice,Jarre,Sundays and Cybele,1963
George,Bruns,The Sword in the Stone,1963
Sherman,Brothers,Mary Poppins,1964
Laurence,Rosenthal,Becket,1964
Dimitri,Tiomkin,The Fall of the Roman Empire,1964
Frank,De Vol,"Hush...Hush, Sweet Charlotte",1964
Henry,Mancini,The Pink Panther,1964
André,Previn,My Fair Lady,1964
George,Martin,A Hard Day's Night,1964
Irwin,Kostal,Mary Poppins,1964
Nelson,Riddle,Robin and the 7 Hoods,1964
Robert,Armbruster,The Unsinkable Molly Brown,1964
Leo,Arnaud,The Unsinkable Molly Brown,1964
Jack,Elliott,The Unsinkable Molly Brown,1964
Jack,Hayes,The Unsinkable Molly Brown,1964
Calvin,Jackson,The Unsinkable Molly Brown,1964
Leo,Shuken,The Unsinkable Molly Brown,1964
Maurice,Jarre,Doctor Zhivago,1965
Alex,North,The Agony and the Ecstasy,1965
Alfred,Newman,The Greatest Story Ever Told,1965
Jerry,Goldsmith,A Patch of Blue,1965
Jacques,Demy,The Umbrellas of Cherbourg,1965
Michel,Legrand,The Umbrellas of Cherbourg,1965
Irwin,Kostal,The Sound of Music,1965
Frank,De Vol,Cat Ballou,1965
Sandy,Courage,The Pleasure Seekers,1965
Lionel,Newman,The Pleasure Seekers,1965
Don,Walker,A Thousand Clowns,1965
Michel,Legrand,The Umbrellas of Cherbourg,1965
John,Barry,Born Free,1966
Toshiro,Mayuzumi,The Bible: In the Beginning...,1966
Elmer,Bernstein,Hawaii,1966
Jerry,Goldsmith,The Sand Pebbles,1966
Alex,North,Who's Afraid of Virginia Woolf?,1966
Ken,Thorne,A Funny Thing Happened on the Way to the Forum,1966
Luis,Bacalov,The Gospel According to St. Matthew,1966
Elmer,Bernstein,Return of the Seven,1966
Harry,Sukman,The Singing Nun,1966
Al,Ham,Stop the World – I Want to Get Off,1966
Elmer,Bernstein,Thoroughly Modern Millie,1967
Lalo,Schifrin,Cool Hand Luke,1967
Leslie,Bricusse,Doctor Dolittle,1967
Richard,Rodney Bennett,Far from the Madding Crowd,1967
Quincy,Jones,In Cold Blood,1967
Ken,Darby,Camelot,1967
Alfred,Newman,Camelot,1967
Sandy,Courage,Doctor Dolittle,1967
Lionel,Newman,Doctor Dolittle,1967
Frank,De Vol,Guess Who's Coming to Dinner,1967
André,Previn,Thoroughly Modern Millie,1967
John,Williams,Valley of the Dolls,1967
John,Barry,The Lion in Winter,1968
Lalo,Schifrin,The Fox,1968
Jerry,Goldsmith,Planet of the Apes,1968
Alex,North,The Shoes of the Fisherman,1968
Michel,Legrand,The Thomas Crown Affair,1968
Johnny,Green,Oliver!,1968
Ray,Heindorf,Finian's Rainbow,1968
Walter,Scharf,Funny Girl,1968
Lennie,Hayton,Star!,1968
Jacques,Demy,The Young Girls of Rochefort,1968
Burt,Bacharach,Butch Cassidy and the Sundance Kid,1969
Georges,Delerue,Anne of the Thousand Days,1969
John,Williams,The Reivers,1969
Ernest,Gold,The Secret of Santa Vittoria,1969
Jerry,Fielding,The Wild Bunch,1969
Lennie,Hayton,"Hello, Dolly!",1969
Lionel,Newman,"Hello, Dolly!",1969
Leslie,Bricusse,"Goodbye, Mr. Chips",1969
John,Williams,"Goodbye, Mr. Chips",1969
Nelson,Riddle,Paint Your Wagon,1969
Cy,Coleman,Sweet Charity,1969
Johnny,Green,"They Shoot Horses, Don't They?",1969
Albert,Woodbury,"They Shoot Horses, Don't They?",1969
Francis,Lai,Love Story,1970
Alfred,Newman,Airport,1970
Frank,Cordell,Cromwell,1970
Jerry,Goldsmith,Patton,1970
Henry,Mancini,Sunflower,1970
The,Beatles,Let It Be,1970
Fred,Karlin,The Baby Maker,1970
Rod,McKuen,A Boy Named Charlie Brown,1970
John,Scott Trotter,A Boy Named Charlie Brown,1970
Bill,Melendez,A Boy Named Charlie Brown,1970
Vince,Guaraldi,A Boy Named Charlie Brown,1970
Henry,Mancini,Darling Lili,1970
Johnny,Mercer,Darling Lili,1970
Leslie,Bricusse,Scrooge,1970
Ian,Fraser,Scrooge,1970
Herbert,W. Spencer,Scrooge,1970
Michel,Legrand,Summer of '42,1971
John,Barry,"Mary, Queen of Scots",1971
Richard,Rodney Bennett,Nicholas and Alexandra,1971
Isaac,Hayes,Shaft,1971
Jerry,Fielding,Straw Dogs,1971
John,Williams,Fiddler on the Roof,1971
Sherman,Brothers,Bedknobs and Broomsticks,1971
Irwin,Kostal,Bedknobs and Broomsticks,1971
Peter,Maxwell Davies,The Boy Friend,1971
Peter,Greenwell,The Boy Friend,1971
Dimitri,Tiomkin,Tchaikovsky,1971
Leslie,Bricusse,Willy Wonka & the Chocolate Factory,1971
Anthony,Newley,Willy Wonka & the Chocolate Factory,1971
Walter,Scharf,Willy Wonka & the Chocolate Factory,1971
Charlie,Chaplin,Limelight,1972
Raymond,Rasch,Limelight,1972
Larry,Russell,Limelight,1972
Nino,Rota,The Godfather,1972
John,Williams,Images,1972
Buddy,Baker,Napoleon and Samantha,1972
John,Williams,The Poseidon Adventure,1972
John,Addison,Sleuth,1972
Ralph,Burns,Cabaret,1972
Gil,Askey,Lady Sings the Blues,1972
Laurence,Rosenthal,Man of La Mancha,1972
Marvin,Hamlisch,The Way We Were,1973
John,Williams,Cinderella Liberty,1973
Georges,Delerue,The Day of the Dolphin,1973
Jerry,Goldsmith,Papillon,1973
John,Cameron,A Touch of Class,1973
Marvin,Hamlisch,The Sting,1973
André,Previn,Jesus Christ Superstar,1973
Herbert,W. Spencer,Jesus Christ Superstar,1973
Andrew,Lloyd Webber,Jesus Christ Superstar,1973
Sherman,Brothers,Tom Sawyer,1973
John,Williams,Tom Sawyer,1973
Nino,Rota,The Godfather Part II,1974
Carmine,Coppola,The Godfather Part II,1974
Jerry,Goldsmith,Chinatown,1974
Richard,Rodney Bennett,Murder on the Orient Express,1974
Alex,North,Shanks,1974
John,Williams,The Towering Inferno,1974
Nelson,Riddle,The Great Gatsby,1974
Alan,Jay Lerner,The Little Prince,1974
Frederick,Loewe,The Little Prince,1974
Douglas,Gamley,The Little Prince,1974
Angela,Morley,The Little Prince,1974
Paul,Williams,Phantom of the Paradise,1974
George,Tipton,Phantom of the Paradise,1974
John,Williams,Jaws,1975
Gerald,Fried,"Birds Do It, Bees Do It",1975
Alex,North,Bite the Bullet,1975
Jack,Nitzsche,One Flew Over the Cuckoo's Nest,1975
Jerry,Goldsmith,The Wind and the Lion,1975
Leonard,Rosenman,Barry Lyndon,1975
Peter,Matz,Funny Lady,1975
Pete,Townshend,Tommy,1975
Jerry,Goldsmith,The Omen,1976
Bernard,Herrmann,Obsession,1976
Jerry,Fielding,The Outlaw Josey Wales,1976
Bernard,Herrmann,Taxi Driver,1976
Lalo,Schifrin,Voyage of the Damned,1976
Leonard,Rosenman,Bound for Glory,1976
Paul,Williams,Bugsy Malone,1976
Roger,Kellaway,A Star Is Born,1976
John,Williams,Star Wars,1977
John,Williams,Close Encounters of the Third Kind,1977
Georges,Delerue,Julia,1977
Maurice,Jarre,"Mohammad, Messenger of God",1977
Marvin,Hamlisch,The Spy Who Loved Me,1977
Jonathan,Tunick,A Little Night Music,1977
Joel,Hirschhorn,Pete's Dragon,1977
Al,Kasha,Pete's Dragon,1977
Irwin,Kostal,Pete's Dragon,1977
Sherman,Brothers,The Slipper and the Rose,1977
Angela,Morley,The Slipper and the Rose,1977
Giorgio,Moroder,Midnight Express,1978
Jerry,Goldsmith,The Boys from Brazil,1978
Ennio,Morricone,Days of Heaven,1978
Dave,Grusin,Heaven Can Wait,1978
John,Williams,Superman,1978
Joe,Renzetti,The Buddy Holly Story,1978
Jerry,Wexler,Pretty Baby,1978
Quincy,Jones,The Wiz,1978
Georges,Delerue,A Little Romance,1979
Henry,Mancini,10,1979
Lalo,Schifrin,The Amityville Horror,1979
Dave,Grusin,The Champ,1979
Jerry,Goldsmith,Star Trek: The Motion Picture,1979
Ralph,Burns,All That Jazz,1979
Patrick,Williams,Breaking Away,1979
Paul,Williams,The Muppet Movie,1979
Kenny,Ascher,The Muppet Movie,1979
Michael,Gore,Fame,1980
John,Corigliano,Altered States,1980
John,Morris,The Elephant Man,1980
John,Williams,The Empire Strikes Back,1980
Philippe,Sarde,Tess,1980
Vangelis,,Chariots of Fire,1981
Alex,North,Dragonslayer,1981
Dave,Grusin,On Golden Pond,1981
Randy,Newman,Ragtime,1981
John,Williams,Raiders of the Lost Ark,1981
John,Williams,E.T. the Extra-Terrestrial,1982
George,Fenton,Gandhi,1982
Ravi,Shankar,Gandhi,1982
Jack,Nitzsche,An Officer and a Gentleman,1982
Jerry,Goldsmith,Poltergeist,1982
Marvin,Hamlisch,Sophie's Choice,1982
Henry,Mancini,Victor/Victoria,1982
Leslie,Bricusse,Victor/Victoria,1982
Ralph,Burns,Annie,1982
Tom,Waits,One from the Heart,1982
Bill,Conti,The Right Stuff,1983
Leonard,Rosenman,Cross Creek,1983
John,Williams,Return of the Jedi,1983
Michael,Gore,Terms of Endearment,1983
Jerry,Goldsmith,Under Fire,1983
Michel,Legrand,Yentl,1983
Alan,and Marilyn Bergman,Yentl,1983
Lalo,Schifrin,The Sting II,1983
Elmer,Bernstein,Trading Places,1983
Maurice,Jarre,A Passage to India,1984
John,Williams,Indiana Jones and the Temple of Doom,1984
John,Williams,The River,1984
Randy,Newman,The Natural,1984
Alex,North,Under the Volcano,1984
Prince,,Purple Rain,1984
Jeff,Moss,The Muppets Take Manhattan,1984
Kris,Kristofferson,Songwriter,1984
John,Barry,Out of Africa,1985
Georges,Delerue,Agnes of God,1985
Jorge,Calandrelli,The Color Purple,1985
Andraé,Crouch,The Color Purple,1985
Jack,Hayes,The Color Purple,1985
Jerry,Hey,The Color Purple,1985
Quincy,Jones,The Color Purple,1985
Randy,Kerber,The Color Purple,1985
Jeremy,Lubbock,The Color Purple,1985
Caiphus,Semenya,The Color Purple,1985
Fred,Steiner,The Color Purple,1985
Rod,Temperton,The Color Purple,1985
Bruce,Broughton,Silverado,1985
Maurice,Jarre,Witness,1985
Herbie,Hancock,Round Midnight,1986
James,Horner,Aliens,1986
Jerry,Goldsmith,Hoosiers,1986
Ennio,Morricone,The Mission,1986
Leonard,Rosenman,Star Trek IV: The Voyage Home,1986
Ryuichi,Sakamoto,The Last Emperor,1987
David,Byrne,The Last Emperor,1987
Cong,Su,The Last Emperor,1987
George,Fenton,Cry Freedom,1987
Jonas,Gwangwa,Cry Freedom,1987
John,Williams,Empire of the Sun,1987
John,Williams,The Witches of Eastwick,1987
Ennio,Morricone,The Untouchables,1987
Dave,Grusin,The Milagro Beanfield War,1988
John,Williams,The Accidental Tourist,1988
George,Fenton,Dangerous Liaisons,1988
Maurice,Jarre,Gorillas in the Mist,1988
Hans,Zimmer,Rain Man,1988
Alan,Menken,The Little Mermaid,1989
John,Williams,Born on the Fourth of July,1989
John,Williams,Indiana Jones and the Last Crusade,1989
Dave,Grusin,The Fabulous Baker Boys,1989
James,Horner,Field of Dreams,1989
John,Barry,Dances with Wolves,1990
Randy,Newman,Avalon,1990
Maurice,Jarre,Ghost,1990
Dave,Grusin,Havana,1990
John,Williams,Home Alone,1990
Alan,Menken,Beauty and the Beast,1991
Ennio,Morricone,Bugsy,1991
George,Fenton,The Fisher King,1991
John,Williams,JFK,1991
James,Newton Howard,The Prince of Tides,1991
Alan,Menken,Aladdin,1992
Jerry,Goldsmith,Basic Instinct,1992
John,Barry,Chaplin,1992
Richard,Robbins,Howards End,1992
Mark,Isham,A River Runs Through It,1992
John,Williams,Schindler's List,1993
Elmer,Bernstein,The Age of Innocence,1993
Dave,Grusin,The Firm,1993
James,Newton Howard,The Fugitive,1993
Richard,Robbins,The Remains of the Day,1993
Hans,Zimmer,The Lion King,1994
Alan,Silvestri,Forrest Gump,1994
Elliot,Goldenthal,Interview with the Vampire,1994
Thomas,Newman,Little Women,1994
Thomas,Newman,The Shawshank Redemption,1994
Luis,Bacalov,The Postman,1995
James,Horner,Apollo 13,1995
James,Horner,Braveheart 13,1995
John,Williams,Nixon,1995
Patrick,Doyle,Sense and Sensibility,1995
Alan,Menken,Pocahontas,1995
Stephen,Schwartz,Pocahontas,1995
Marc,Shaiman,The American President,1995
John,Williams,Sabrina,1995
Randy,Newman,Toy Story,1995
Thomas,Newman,Unstrung Heroes,1995
Gabriel,Yared,The English Patient,1996
Patrick,Doyle,Hamlet,1996
Elliot,Goldenthal,Michael Collins,1996
David,Hirschfelder,Shine,1996
John,Williams,Sleepers,1996
Rachel,Portman,Emma,1996
Marc,Shaiman,The First Wives Club,1996
Alan,Menken,The Hunchback of Notre Dame,1996
Stephen,Schwartz,The Hunchback of Notre Dame,1996
Randy,Newman,James and the Giant Peach,1996
Hans,Zimmer,The Preacher's Wife,1996
James,Horner,Titanic,1997
John,Williams,Amistad,1997
Danny,Elfman,Good Will Hunting,1997
Philip,Glass,Kundun,1997
Jerry,Goldsmith,L.A. Confidential,1997
Anne,Dudley,The Full Monty,1997
Stephen,Flaherty,Anastasia,1997
Lynn,Ahrens,Anastasia,1997
David,Newman,Anastasia,1997
Hans,Zimmer,As Good as It Gets,1997
James,Newton Howard,My Best Friend's Wedding,1997
Nicola,Piovani,Life Is Beautiful,1998
David,Hirschfelder,Elizabeth,1998
Randy,Newman,Pleasantville,1998
John,Williams,Saving Private Ryan,1998
Hans,Zimmer,The Thin Red Line,1998
Stephen,Warbeck,Shakespeare in Love,1998
Matthew,Wilder,Mulan,1998
David,Zippel,Mulan,1998
Jerry,Goldsmith,Mulan,1998
Marc,Shaiman,Patch Adams,1998
Stephen,Schwartz,The Prince of Egypt,1998
Hans,Zimmer,The Prince of Egypt,1998
John,Corigliano,The Red Violin,1999
Thomas,Newman,American Beauty,1999
John,Williams,Angela's Ashes,1999
Rachel,Portman,The Cider House Rules,1999
Gabriel,Yared,The Talented Mr. Ripley,1999
Tan,Dun,"Crouching Tiger, Hidden Dragon",2000
Rachel,Portman,Chocolat,2000
Hans,Zimmer,Gladiator,2000
Ennio,Morricone,Malèna,2000
John,Williams,The Patriot,2000
Howard,Shore,The Lord of the Rings: The Fellowship of the Ring,2001
John,Williams,A.I. Artificial Intelligence,2001
John,Williams,Harry Potter and the Sorcerer's Stone,2001
James,Horner,A Beautiful Mind,2001
Randy,Newman,"Monsters, Inc.",2001
Elliot,Goldenthal,Frida,2002
John,Williams,Catch Me If You Can,2002
Elmer,Bernstein,Far from Heaven,2002
Philip,Glass,The Hours,2002
Thomas,Newman,Road to Perdition,2002
Howard,Shore,The Lord of the Rings: The Return of the King,2003
Danny,Elfman,Big Fish,2003
Gabriel,Yared,Cold Mountain,2003
Thomas,Newman,Finding Nemo,2003
James,Horner,House of Sand and Fog,2003
Jan,A. P. Kaczmarek,Finding Neverland,2004
John,Williams,Harry Potter and the Prisoner of Azkaban,2004
Thomas,Newman,Lemony Snicket's A Series of Unfortunate Events,2004
John,Debney,The Passion of the Christ,2004
James,Newton Howard,The Village,2004
Gustavo,Santaolalla,Brokeback Mountain,2005
Alberto,Iglesias,The Constant Gardener,2005
John,Williams,Memoirs of a Geisha,2005
John,Williams,Munich,2005
Dario,Marianelli,Pride & Prejudice,2005
Gustavo,Santaolalla,Babel,2006
Thomas,Newman,The Good German,2006
Philip,Glass,Notes on a Scandal,2006
Javier,Navarrete,Pan's Labyrinth,2006
Alexandre,Desplat,The Queen,2006
Dario,Marianelli,Atonement,2007
Marco,Beltrami,3:10 to Yuma,2007
Alberto,Iglesias,The Kite Runner,2007
James,Newton Howard,Michael Clayton,2007
Michael,Giacchino,Ratatouille,2007
A.,R. Rahman,Slumdog Millionaire,2008
Alexandre,Desplat,The Curious Case of Benjamin Button,2008
James,Newton Howard,Defiance,2008
Danny,Elfman,Milk,2008
Thomas,Newman,WALL-E,2008
Michael,Giacchino,Up,2009
James,Horner,Avatar,2009
Alexandre,Desplat,Fantastic Mr. Fox,2009
Marco,Beltrami,The Hurt Locker,2009
Buck,Sanders,The Hurt Locker,2009
Hans,Zimmer,Sherlock Holmes,2009
Trent,Reznor,The Social Network,2010
Atticus,Ross,The Social Network,2010
A.,R. Rahman,127 Hours,2010
John,Powell,How to Train Your Dragon,2010
Hans,Zimmer,Inception,2010
Alexandre,Desplat,The King's Speech,2010
Ludovic,Bource,The Artist,2011
John,Williams,The Adventures of Tintin,2011
Howard,Shore,Hugo,2011
Alberto,Iglesias,Tinker Tailor Soldier Spy,2011
John,Williams,War Horse,2011
Mychael,Danna,Life of Pi,2012
Dario,Marianelli,Anna Karenina,2012
Alexandre,Desplat,Argo,2012
John,Williams,Lincoln,2012
Thomas,Newman,Skyfall,2012
Steven,Price,Gravity,2013
John,Williams,The Book Thief,2013
Will,Butler,Her,2013
Owen,Pallett,Her,2013
Alexandre,Desplat,Philomena,2013
Thomas,Newman,Saving Mr. Banks,2013
Alexandre,Desplat,The Grand Budapest Hotel,2014
Alexandre,Desplat,The Imitation Game,2014
Hans,Zimmer,Interstellar,2014
Gary,Yershon,Mr. Turner,2014
Jóhann,Jóhannsson,The Theory of Everything,2014
Ennio,Morricone,The Hateful Eight,2015
Thomas,Newman,Bridge of Spies,2015
Carter,Burwell,Carol,2015
Jóhann,Jóhannsson,Sicario,2015
John,Williams,Star Wars: The Force Awakens,2015
Justin,Hurwitz,La La Land,2016
Mica,Levi,Jackie,2016
Dustin,O'Halloran,Lion,2016
Hauschka,,Lion,2016
Nicholas,Britell,Moonlight,2016
Thomas,Newman,Passengers,2016
Alexandre,Desplat,The Shape of Water,2017
Hans,Zimmer,Dunkirk,2017
Jonny,Greenwood,Phantom Thread,2017
John,Williams,Star Wars: The Last Jedi,2017
Carter,Burwell,"Three Billboards Outside Ebbing, Missouri",2017
Ludwig,Göransson,Black Panther,2018
Terence,Blanchard,BlacKkKlansman,2018
Nicholas,Britell,If Beale Street Could Talk,2018
Alexandre,Desplat,Isle of Dogs,2018
Marc,Shaiman,Mary Poppins Returns,2018
Hildur,Guðnadóttir,Joker,2019
Alexandre,Desplat,Little Women,2019
Randy,Newman,Marriage Story,2019
Thomas,Newman,1917,2019
John,Williams,Star Wars: The Rise of Skywalker,2019
Trent,Reznor,Soul,2020
Atticus,Ross,Soul,2020
Jon,Batiste,Soul,2020
Terence,Blanchard,Da 5 Bloods,2020
Trent,Reznor,Mank,2020
Atticus,Ross,Mank,2020
Emile,Mosseri,Minari,2020
James,Newton Howard,News of the World,2020
Hans,Zimmer,Dune,2021
Nicholas,Britell,Don't Look Up,2021
Germaine,Franco,Encanto,2021
Alberto,Iglesias,Parallel Mothers,2021
Jonny,Greenwood,The Power of the Dog,2021
Volker,Bertelmann,All Quiet on the Western Front,2022
Justin,Hurwitz,Babylon,2022
Carter,Burwell,The Banshees of Inisherin,2022
Son,Lux,Everything Everywhere All at Once,2022
John,Williams,The Fabelmans,2022
Ludwig,Göransson,Oppenheimer,2023
Laura,Karpman,American Fiction,2023
John,Williams,Indiana Jones and the Dial of Destiny,2023
Robbie,Robertson,Killers of the Flower Moon,2023
Jerskin,Fendrix,Poor Things,2023
Daniel,Blumberg,The Brutalist,2024
Volker,Bertelmann,Conclave,2024
Clément,Ducol,Emilia Pérez,2024
Camille,,Emilia Pérez,2024
John,Powell,Wicked,2024
Stephen,Schwartz,Wicked,2024
Kris,Bowers,The Wild Robot,2024